epoch,train_loss_total,train_loss_ce,val_loss,train_acc,val_acc
1,2.434952233034022,1.684376158658196,1.3421267628032256,0.41741176470588237,0.5267379679144385
2,1.7844795513153076,1.0364320099494035,1.2244634035436865,0.6385882352941177,0.5828877005347594
3,1.5200756748984843,0.7740305916000815,1.173076456562083,0.7491764705882353,0.6363636363636364
4,1.2857414273654713,0.5411020031536327,1.2156392871377302,0.8216470588235294,0.6203208556149733
5,1.166467404646032,0.4234366874414332,1.3121824819136432,0.8616470588235294,0.6256684491978609
6,1.0914187218722176,0.3500565663506003,1.4559992258561487,0.8870588235294118,0.6417112299465241
7,1.0294619678609511,0.2898622393888586,1.4809303921174237,0.9054117647058824,0.6229946524064172
8,1.0074425155415254,0.269710661018596,1.4320403971774056,0.9063529411764706,0.6390374331550802
9,0.9719306963752298,0.23612485734154195,1.562470566780172,0.9247058823529412,0.6524064171122995
